{
  "task": [
    {
      "id": 4,
      "description": "react native",
      "date": "2023-01-27",
      "author": "Atharva"
    },
    {
      "description": "backend ",
      "date": "2023-01-27",
      "author": "shreeniwas",
      "id": 9
    },
    {
      "id": 10,
      "description": "angular ",
      "date": "2023-01-26",
      "author": "ankush"
    },
    {
      "id": 12,
      "description": "pdf",
      "date": "2023-02-11",
      "author": "mangesh"
    },
    {
      "id": 13,
      "description": " ",
      "date": "",
      "author": "Rohan"
    },
    {
      "id": 14,
      "description": "angular developer",
      "date": "2023-01-24",
      "author": "akshay"
    },
    {
      "description": "react developer",
      "date": "2023-01-28",
      "author": "Hrishikesh",
      "id": 15
    },
    {
      "description": "trainny",
      "date": "2023-01-28",
      "author": "vishal",
      "id": 16
    },
    {
      "description": "tester",
      "date": "2023-01-28",
      "author": "samiksha",
      "id": 17
    }
  ]
}